[
    {
        "id" : 0,
        "clubName": "ACM",
        "clubDescription" : "Lorem ipsum dolor sit amet,  anim id est laborum.",
        "events": [
            {
                "id" : 0,
                "eventTitle" : "General Meeting",
                "eventDate" : "Fridays",
                "eventTag": "Meeting",
                "eventTime": "5:00pm",
                "eventDescription" : "Lorem ipsum dolor sit amet, consectetur adipisicing elit, sed do eiusmod tempor incididunt ut labore et dolore magna aliqua. Ut enim ad minim veniam, quis nostrud exercitation ullamco laboris nisi ut aliquip ex giea commodo consequat. Duis aute irure dolor in reprehenderit in voluptate velit esse cillum dolore eu fugiat nulla pariatur. Excepteur sint occaecat cupidatat non proident, sunt in culpa qui officia deserunt mollit anim id est laborum"
            },
            {
                "id" : 1,
                "eventTitle" : "Project Jam",
                "eventDate" : "Fridays",
                "eventTag": "Meeting",
                "eventTime": "5:00pm",
                "eventDescription" : "Lorem ipsum dolor sit amet, consectetur adipisicing elit, sed do eiusmod tempor incididunt ut labore et dolore magna aliqua. Ut enim ad minim veniam, quis nostrud exercitation ullamco laboris nisi ut aliquip ex giea commodo consequat. Duis aute irure dolor in reprehenderit in voluptate velit esse cillum dolore eu fugiat nulla pariatur. Excepteur sint occaecat cupidatat non proident, sunt in culpa qui officia deserunt mollit anim id est laborum"
            },
            {
                "id" : 2,
                "eventTitle" : "Movie Night",
                "eventDate" : "April 31, 2020",
                "eventTag": "Social",
                "eventTime": "7:00pm",
                "eventDescription" : "Lorem ipsum dolor sit amet, consectetur adipisicing elit, sed do eiusmod tempor incididunt ut labore et dolore magna aliqua. Ut enim ad minim veniam, quis nostrud exercitation ullamco laboris nisi ut aliquip ex giea commodo consequat. Duis aute irure dolor in reprehenderit in voluptate velit esse cillum dolore eu fugiat nulla pariatur. Excepteur sint occaecat cupidatat non proident, sunt in culpa qui officia deserunt mollit anim id est laborum"
            }
        ]
    },
    {
        "id" : 1,
        "clubName": "OSS",
        "clubDescription" : "Lorem ipsum dolor sit amet, consectetur adipisicing elit, sed do eiusmod tempor incididunt ut labore et dolore magna aliqua. Ut enim ad minim veniam, quis nostrud exercitation ullamco laboris nisi ut aliquip ex giea commodo consequat. Duis aute irure dolor in reprehenderit in voluptate velit esse cillum dolore eu fugiat nulla pariatur. Excepteur sint occaecat cupidatat non proident, sunt in culpa qui officia deserunt mollit anim id est laborum.",
        "events": [
            {
                "id" : 0,
                "eventTitle" : "General Meeting",
                "eventDate" : "March 22, 2020",
                "eventTag": "Meeting",
                "eventTime": "4:00pm",
                "eventDescription" : "Lorem ipsum dolor sit amet, consectetur adipisicing elit, sed do eiusmod tempor incididunt ut labore et dolore magna aliqua. Ut enim ad minim veniam, quis nostrud exercitation ullamco laboris nisi ut aliquip ex giea commodo consequat. Duis aute irure dolor in reprehenderit in voluptate velit esse cillum dolore eu fugiat nulla pariatur. Excepteur sint occaecat cupidatat non proident, sunt in culpa qui officia deserunt mollit anim id est laborum"
            }
        ]
    },
    {
        "id" : 2,
        "clubName": "BBall",
        "clubDescription" : "Lorem ipsum dolor sit amet, consectetur adipisicing elit, sed do eiusmod tempor incididunt ut labore et dolore magna aliqua. Ut enim ad minim veniam, quis nostrud exercitation ullamco laboris nisi ut aliquip ex giea commodo consequat. Duis aute irure dolor in reprehenderit in voluptate velit esse cillum dolore eu fugiat nulla pariatur. Excepteur sint occaecat cupidatat non proident, sunt in culpa qui officia deserunt mollit anim id est laborum.",
        "events": [
            {
                "id" : 0,
                "eventTitle" : "General Meeting",
                "eventDate" : "April 22, 2020",
                "eventTag": "Meeting",
                "eventTime": "5:00pm",
                "eventDescription" : "Lorem ipsum dolor sit amettempor incididunt ut labore et dolore magna aliqua. Ut enim ad minim veniam, quis nostrud exercitation ullamco  culpa qui officia deserunt mollit anim id est laborum"
            },
            {
                "id" : 1,
                "eventTitle" : "Game Night",
                "eventDate" : "February 14, 2020",
                "eventTag": "Sport",
                "eventTime": "7:00pm",
                "eventDescription" : "Lorem ipsum dolor sit amet, consectetur adipisicing elit, sed do eiusmod tempor incididunt ut labore et dolore magna aliqua. Ut enim ad minim veniam, quis nostrud exercitation ullamco laboris nisi ut aliquip ex giea commodo consequat. Duis aute irure dolor in reprehenderit in voluptate velit esse cillum dolore eu fugiat nulla pariatur. Excepteur sint occaecat cupidatat non proident, sunt in culpa qui officia deserunt mollit anim id est laborum"
            }
        ]
    },
    {
        "id" : 3,
        "clubName": "Running",
        "clubDescription" : "Lorem ipsum dolor sit amet, consectetur adipisicing elit, sed do eiusmod tempor incididunt ut labore et dolore magna aliqua. Ut enim ad minim veniam, quis nostrud exercitation ullamco laboris nisi ut aliquip ex giea commodo consequat. Duis aute irure dolor in reprehenderit in voluptate velit esse cillum dolore eu fugiat nulla pariatur. Excepteur sint occaecat cupidatat non proident, sunt in culpa qui officia deserunt mollit anim id est laborum.",
        "events": [
            {
                "id" : 0,
                "eventTitle" : "Do Nothing",
                "eventDate" : "Everyday",
                "eventTag": "Meeting",
                "eventTime": "All Day",
                "eventDescription" : "Lorem ipsum dolor sit amet, consectetur adipisicing elit, sed do eiusmod tempor incididunt ut labore et dolore magna aliqua. Ut enim ad minim veniam, quis nostrud exercitation ullamco laboris nisi ut aliquip ex giea commodo consequat. Duis aute irure dolor in reprehenderit in voluptate velit esse cillum dolore eu fugiat nulla pariatur. Excepteur sint occaecat cupidatat non proident, sunt in culpa qui officia deserunt mollit anim id est laborum"
            }
        ]
    }
    
]
 



